INSERT INTO country (name_country, latitude_country, longtitude_country) VALUES ('France', 46.227638, 2.213749);
INSERT INTO country (name_country, latitude_country, longtitude_country) VALUES ('United States', 37.09024, -95.712891);
INSERT INTO country (name_country, latitude_country, longtitude_country) VALUES ('Mexico', 23.634501, -102.552784);
INSERT INTO country (name_country, latitude_country, longtitude_country) VALUES ('India', 20.593684, 78.96288);
INSERT INTO country (name_country, latitude_country, longtitude_country) VALUES ('Spain', 40.463667, -3.74922);
INSERT INTO country (name_country, latitude_country, longtitude_country) VALUES ('China', 35.86166, 104.195397);
INSERT INTO country (name_country, latitude_country, longtitude_country) VALUES ('Canada', 56.130366, -106.346771);

INSERT INTO organization (name_org, category_org) VALUES ('LVMH Moët Hennessy Louis Vuitton', 'Fashion & Retail');
INSERT INTO organization (name_org, category_org) VALUES ('Tesla', 'Automotive');
INSERT INTO organization (name_org, category_org) VALUES ('Amazon', 'Technology');
INSERT INTO organization (name_org, category_org) VALUES ('Oracle', 'Technology');
INSERT INTO organization (name_org, category_org) VALUES ('Berkshire Hathaway Inc. (Cl A)', 'Finance & Investments');
INSERT INTO organization (name_org, category_org) VALUES ('Bill & Melinda Gates Foundation', 'Technology');
INSERT INTO organization (name_org, category_org) VALUES ('Bloomberg', 'Media & Entertainment');
INSERT INTO organization (name_org, category_org) VALUES ('América Móvil', 'Telecom');
INSERT INTO organization (name_org, category_org) VALUES ('Reliance Industries', 'Diversified');
INSERT INTO organization (name_org, category_org) VALUES ('Los Angeles Clippers', 'Technology');

INSERT INTO billionaire (firstname, lastname, gender, age, name_country, name_org) VALUES ('Bernald', 'Arnault', 'M', 74, 'France', 'LVMH Moët Hennessy Louis Vuitton');
INSERT INTO billionaire (firstname, lastname, gender, age, name_country, name_org) VALUES ('Elon', 'Musk', 'M', 51, 'United States', 'Tesla');
INSERT INTO billionaire (firstname, lastname, gender, age, name_country, name_org) VALUES ('Jeff', 'Bezos', 'M', 59, 'United States', 'Amazon');
INSERT INTO billionaire (firstname, lastname, gender, age, name_country, name_org) VALUES ('Larry', 'Ellison', 'M', 78, 'United States', 'Oracle');
INSERT INTO billionaire (firstname, lastname, gender, age, name_country, name_org) VALUES ('Warren', 'Buffet', 'M', 92, 'United States', 'Berkshire Hathaway Inc. (Cl A)');
INSERT INTO billionaire (firstname, lastname, gender, age, name_country, name_org) VALUES ('Bill', 'Gates', 'M', 67, 'United States', 'Bill & Melinda Gates Foundation');
INSERT INTO billionaire (firstname, lastname, gender, age, name_country, name_org) VALUES ('Michael', 'Bloomberg', 'M', 81, 'United States', 'Bloomberg');
INSERT INTO billionaire (firstname, lastname, gender, age, name_country, name_org) VALUES ('Carlos', 'Slim Helu', 'M', 83, 'Mexico', 'América Móvil');
INSERT INTO billionaire (firstname, lastname, gender, age, name_country, name_org) VALUES ('Mukesh', 'Ambani', 'M', 65, 'India', 'Reliance Industries');
INSERT INTO billionaire (firstname, lastname, gender, age, name_country, name_org) VALUES ('Bernald', 'Francoise Bettencourt Meyers', 'F', 69, 'France', 'Los Angeles Clippers');